<?xml version="1.0" encoding="UTF-8"?><?xml-stylesheet type='text/xsl' href='_UpgradeReport_Files/UpgradeReport.xslt'?><UpgradeLog>
<Properties><Property Name="Solution" Value="BlackJack">
</Property><Property Name="Solution File" Value="E:\PAP\WebSite Blackjack\BlackJack\BlackJack\BlackJack.sln">
</Property><Property Name="User Options File" Value="E:\PAP\WebSite Blackjack\BlackJack\BlackJack\BlackJack.suo">
</Property><Property Name="Date" Value="segunda-feira, 4 de Abril de 2011">
</Property><Property Name="Time" Value="14:42">
</Property></Properties><Event ErrorLevel="0" Project="" Source="BlackJack.sln" Description="File successfully backed up as E:\PAP\WebSite Blackjack\BlackJack\BlackJack\Backup\BlackJack.sln">
</Event><Event ErrorLevel="0" Project="" Source="BlackJack.suo" Description="File successfully backed up as E:\PAP\WebSite Blackjack\BlackJack\BlackJack\Backup\BlackJack.suo">
</Event><Event ErrorLevel="0" Project="BlackJack" Source="BlackJack\BlackJack.vbproj" Description="Project file successfully backed up as E:\PAP\WebSite Blackjack\BlackJack\BlackJack\Backup\BlackJack\BlackJack.vbproj">
</Event><Event ErrorLevel="0" Project="BlackJack" Source="BlackJack\BlackJack.vbproj.user" Description="Project user file successfully backed up as E:\PAP\WebSite Blackjack\BlackJack\BlackJack\Backup\BlackJack\BlackJack.vbproj.user">
</Event><Event ErrorLevel="0" Project="BlackJack" Source="BlackJack\Form1.vb" Description="File successfully backed up as E:\PAP\WebSite Blackjack\BlackJack\BlackJack\Backup\BlackJack\Form1.vb">
</Event><Event ErrorLevel="0" Project="BlackJack" Source="BlackJack\Form1.Designer.vb" Description="File successfully backed up as E:\PAP\WebSite Blackjack\BlackJack\BlackJack\Backup\BlackJack\Form1.Designer.vb">
</Event><Event ErrorLevel="0" Project="BlackJack" Source="BlackJack\My Project\AssemblyInfo.vb" Description="File successfully backed up as E:\PAP\WebSite Blackjack\BlackJack\BlackJack\Backup\BlackJack\My Project\AssemblyInfo.vb">
</Event><Event ErrorLevel="0" Project="BlackJack" Source="BlackJack\My Project\Application.Designer.vb" Description="File successfully backed up as E:\PAP\WebSite Blackjack\BlackJack\BlackJack\Backup\BlackJack\My Project\Application.Designer.vb">
</Event><Event ErrorLevel="0" Project="BlackJack" Source="BlackJack\My Project\Resources.Designer.vb" Description="File successfully backed up as E:\PAP\WebSite Blackjack\BlackJack\BlackJack\Backup\BlackJack\My Project\Resources.Designer.vb">
</Event><Event ErrorLevel="0" Project="BlackJack" Source="BlackJack\My Project\Settings.Designer.vb" Description="File successfully backed up as E:\PAP\WebSite Blackjack\BlackJack\BlackJack\Backup\BlackJack\My Project\Settings.Designer.vb">
</Event><Event ErrorLevel="0" Project="BlackJack" Source="BlackJack\My Project\Application.myapp" Description="File successfully backed up as E:\PAP\WebSite Blackjack\BlackJack\BlackJack\Backup\BlackJack\My Project\Application.myapp">
</Event><Event ErrorLevel="0" Project="BlackJack" Source="BlackJack\My Project\Settings.settings" Description="File successfully backed up as E:\PAP\WebSite Blackjack\BlackJack\BlackJack\Backup\BlackJack\My Project\Settings.settings">
</Event><Event ErrorLevel="0" Project="BlackJack" Source="BlackJack\Resources\Card 5.jpg" Description="File successfully backed up as E:\PAP\WebSite Blackjack\BlackJack\BlackJack\Backup\BlackJack\Resources\Card 5.jpg">
</Event><Event ErrorLevel="0" Project="BlackJack" Source="BlackJack\Resources\Card 4.jpg" Description="File successfully backed up as E:\PAP\WebSite Blackjack\BlackJack\BlackJack\Backup\BlackJack\Resources\Card 4.jpg">
</Event><Event ErrorLevel="0" Project="BlackJack" Source="BlackJack\Resources\Card 3.jpg" Description="File successfully backed up as E:\PAP\WebSite Blackjack\BlackJack\BlackJack\Backup\BlackJack\Resources\Card 3.jpg">
</Event><Event ErrorLevel="0" Project="BlackJack" Source="BlackJack\Resources\Card 2.jpg" Description="File successfully backed up as E:\PAP\WebSite Blackjack\BlackJack\BlackJack\Backup\BlackJack\Resources\Card 2.jpg">
</Event><Event ErrorLevel="0" Project="BlackJack" Source="BlackJack\Resources\Card 1.jpg" Description="File successfully backed up as E:\PAP\WebSite Blackjack\BlackJack\BlackJack\Backup\BlackJack\Resources\Card 1.jpg">
</Event><Event ErrorLevel="0" Project="BlackJack" Source="BlackJack\Form1.resx" Description="File successfully backed up as E:\PAP\WebSite Blackjack\BlackJack\BlackJack\Backup\BlackJack\Form1.resx">
</Event><Event ErrorLevel="0" Project="BlackJack" Source="BlackJack\My Project\Resources.resx" Description="File successfully backed up as E:\PAP\WebSite Blackjack\BlackJack\BlackJack\Backup\BlackJack\My Project\Resources.resx">
</Event><Event ErrorLevel="0" Project="BlackJack" Source="BlackJack\BlackJack.vbproj" Description="Project converted successfully">
</Event><Event ErrorLevel="3" Project="BlackJack" Source="BlackJack\BlackJack.vbproj" Description="Converted">
</Event><Event ErrorLevel="0" Project="" Source="BlackJack.sln" Description="Solution converted successfully">
</Event><Event ErrorLevel="3" Project="" Source="BlackJack.sln" Description="Converted">
</Event><Event ErrorLevel="0" Project="BlackJack" Source="BlackJack\BlackJack.vbproj" Description="Scan complete: Upgrade not required for project files.">
</Event></UpgradeLog>