<?xml version="1.0" encoding="UTF-8"?><?xml-stylesheet type='text/xsl' href='_UpgradeReport_Files/UpgradeReport.xslt'?><UpgradeLog>
<Properties><Property Name="Solution" Value="Norb BlackJack">
</Property><Property Name="Solution File" Value="E:\PAP\Norb BlackJack\Norb BlackJack.sln">
</Property><Property Name="User Options File" Value="E:\PAP\Norb BlackJack\Norb BlackJack.suo">
</Property><Property Name="Date" Value="terça-feira, 3 de Maio de 2011">
</Property><Property Name="Time" Value="18:39">
</Property></Properties><Event ErrorLevel="0" Project="" Source="Norb BlackJack.sln" Description="File successfully backed up as E:\PAP\Norb BlackJack\Backup\Norb BlackJack.sln">
</Event><Event ErrorLevel="0" Project="" Source="Norb BlackJack.suo" Description="File successfully backed up as E:\PAP\Norb BlackJack\Backup\Norb BlackJack.suo">
</Event><Event ErrorLevel="0" Project="Norb BlackJack" Source="Norb BlackJack\Norb BlackJack.vbproj" Description="Project file successfully backed up as E:\PAP\Norb BlackJack\Backup\Norb BlackJack\Norb BlackJack.vbproj">
</Event><Event ErrorLevel="0" Project="Norb BlackJack" Source="Norb BlackJack\Norb BlackJack.vbproj.user" Description="Project user file successfully backed up as E:\PAP\Norb BlackJack\Backup\Norb BlackJack\Norb BlackJack.vbproj.user">
</Event><Event ErrorLevel="0" Project="Norb BlackJack" Source="Norb BlackJack\deal_class.Designer.vb" Description="File successfully backed up as E:\PAP\Norb BlackJack\Backup\Norb BlackJack\deal_class.Designer.vb">
</Event><Event ErrorLevel="0" Project="Norb BlackJack" Source="Norb BlackJack\deal_class.vb" Description="File successfully backed up as E:\PAP\Norb BlackJack\Backup\Norb BlackJack\deal_class.vb">
</Event><Event ErrorLevel="0" Project="Norb BlackJack" Source="Norb BlackJack\Form1.vb" Description="File successfully backed up as E:\PAP\Norb BlackJack\Backup\Norb BlackJack\Form1.vb">
</Event><Event ErrorLevel="0" Project="Norb BlackJack" Source="Norb BlackJack\Form1.Designer.vb" Description="File successfully backed up as E:\PAP\Norb BlackJack\Backup\Norb BlackJack\Form1.Designer.vb">
</Event><Event ErrorLevel="0" Project="Norb BlackJack" Source="Norb BlackJack\HighScores.Designer.vb" Description="File successfully backed up as E:\PAP\Norb BlackJack\Backup\Norb BlackJack\HighScores.Designer.vb">
</Event><Event ErrorLevel="0" Project="Norb BlackJack" Source="Norb BlackJack\HighScores.vb" Description="File successfully backed up as E:\PAP\Norb BlackJack\Backup\Norb BlackJack\HighScores.vb">
</Event><Event ErrorLevel="0" Project="Norb BlackJack" Source="Norb BlackJack\My Project\AssemblyInfo.vb" Description="File successfully backed up as E:\PAP\Norb BlackJack\Backup\Norb BlackJack\My Project\AssemblyInfo.vb">
</Event><Event ErrorLevel="0" Project="Norb BlackJack" Source="Norb BlackJack\My Project\Application.Designer.vb" Description="File successfully backed up as E:\PAP\Norb BlackJack\Backup\Norb BlackJack\My Project\Application.Designer.vb">
</Event><Event ErrorLevel="0" Project="Norb BlackJack" Source="Norb BlackJack\My Project\Resources.Designer.vb" Description="File successfully backed up as E:\PAP\Norb BlackJack\Backup\Norb BlackJack\My Project\Resources.Designer.vb">
</Event><Event ErrorLevel="0" Project="Norb BlackJack" Source="Norb BlackJack\My Project\Settings.Designer.vb" Description="File successfully backed up as E:\PAP\Norb BlackJack\Backup\Norb BlackJack\My Project\Settings.Designer.vb">
</Event><Event ErrorLevel="0" Project="Norb BlackJack" Source="Norb BlackJack\Rules.Designer.vb" Description="File successfully backed up as E:\PAP\Norb BlackJack\Backup\Norb BlackJack\Rules.Designer.vb">
</Event><Event ErrorLevel="0" Project="Norb BlackJack" Source="Norb BlackJack\Rules.vb" Description="File successfully backed up as E:\PAP\Norb BlackJack\Backup\Norb BlackJack\Rules.vb">
</Event><Event ErrorLevel="0" Project="Norb BlackJack" Source="Norb BlackJack\Submit HighScore.Designer.vb" Description="File successfully backed up as E:\PAP\Norb BlackJack\Backup\Norb BlackJack\Submit HighScore.Designer.vb">
</Event><Event ErrorLevel="0" Project="Norb BlackJack" Source="Norb BlackJack\Submit HighScore.vb" Description="File successfully backed up as E:\PAP\Norb BlackJack\Backup\Norb BlackJack\Submit HighScore.vb">
</Event><Event ErrorLevel="0" Project="Norb BlackJack" Source="Norb BlackJack\My Project\Application.myapp" Description="File successfully backed up as E:\PAP\Norb BlackJack\Backup\Norb BlackJack\My Project\Application.myapp">
</Event><Event ErrorLevel="0" Project="Norb BlackJack" Source="Norb BlackJack\My Project\Settings.settings" Description="File successfully backed up as E:\PAP\Norb BlackJack\Backup\Norb BlackJack\My Project\Settings.settings">
</Event><Event ErrorLevel="0" Project="Norb BlackJack" Source="Norb BlackJack\Resources\C1.png" Description="File successfully backed up as E:\PAP\Norb BlackJack\Backup\Norb BlackJack\Resources\C1.png">
</Event><Event ErrorLevel="0" Project="Norb BlackJack" Source="Norb BlackJack\Resources\C2.png" Description="File successfully backed up as E:\PAP\Norb BlackJack\Backup\Norb BlackJack\Resources\C2.png">
</Event><Event ErrorLevel="0" Project="Norb BlackJack" Source="Norb BlackJack\Resources\C3.png" Description="File successfully backed up as E:\PAP\Norb BlackJack\Backup\Norb BlackJack\Resources\C3.png">
</Event><Event ErrorLevel="0" Project="Norb BlackJack" Source="Norb BlackJack\Resources\C4.png" Description="File successfully backed up as E:\PAP\Norb BlackJack\Backup\Norb BlackJack\Resources\C4.png">
</Event><Event ErrorLevel="0" Project="Norb BlackJack" Source="Norb BlackJack\Resources\C5.png" Description="File successfully backed up as E:\PAP\Norb BlackJack\Backup\Norb BlackJack\Resources\C5.png">
</Event><Event ErrorLevel="0" Project="Norb BlackJack" Source="Norb BlackJack\Resources\C6.png" Description="File successfully backed up as E:\PAP\Norb BlackJack\Backup\Norb BlackJack\Resources\C6.png">
</Event><Event ErrorLevel="0" Project="Norb BlackJack" Source="Norb BlackJack\Resources\C7.png" Description="File successfully backed up as E:\PAP\Norb BlackJack\Backup\Norb BlackJack\Resources\C7.png">
</Event><Event ErrorLevel="0" Project="Norb BlackJack" Source="Norb BlackJack\Resources\C8.png" Description="File successfully backed up as E:\PAP\Norb BlackJack\Backup\Norb BlackJack\Resources\C8.png">
</Event><Event ErrorLevel="0" Project="Norb BlackJack" Source="Norb BlackJack\Resources\C9.png" Description="File successfully backed up as E:\PAP\Norb BlackJack\Backup\Norb BlackJack\Resources\C9.png">
</Event><Event ErrorLevel="0" Project="Norb BlackJack" Source="Norb BlackJack\Resources\C10.png" Description="File successfully backed up as E:\PAP\Norb BlackJack\Backup\Norb BlackJack\Resources\C10.png">
</Event><Event ErrorLevel="0" Project="Norb BlackJack" Source="Norb BlackJack\Resources\C11.png" Description="File successfully backed up as E:\PAP\Norb BlackJack\Backup\Norb BlackJack\Resources\C11.png">
</Event><Event ErrorLevel="0" Project="Norb BlackJack" Source="Norb BlackJack\Resources\C12.png" Description="File successfully backed up as E:\PAP\Norb BlackJack\Backup\Norb BlackJack\Resources\C12.png">
</Event><Event ErrorLevel="0" Project="Norb BlackJack" Source="Norb BlackJack\Resources\C13.png" Description="File successfully backed up as E:\PAP\Norb BlackJack\Backup\Norb BlackJack\Resources\C13.png">
</Event><Event ErrorLevel="0" Project="Norb BlackJack" Source="Norb BlackJack\Resources\D1.png" Description="File successfully backed up as E:\PAP\Norb BlackJack\Backup\Norb BlackJack\Resources\D1.png">
</Event><Event ErrorLevel="0" Project="Norb BlackJack" Source="Norb BlackJack\Resources\D2.png" Description="File successfully backed up as E:\PAP\Norb BlackJack\Backup\Norb BlackJack\Resources\D2.png">
</Event><Event ErrorLevel="0" Project="Norb BlackJack" Source="Norb BlackJack\Resources\D3.png" Description="File successfully backed up as E:\PAP\Norb BlackJack\Backup\Norb BlackJack\Resources\D3.png">
</Event><Event ErrorLevel="0" Project="Norb BlackJack" Source="Norb BlackJack\Resources\D4.png" Description="File successfully backed up as E:\PAP\Norb BlackJack\Backup\Norb BlackJack\Resources\D4.png">
</Event><Event ErrorLevel="0" Project="Norb BlackJack" Source="Norb BlackJack\Resources\D5.png" Description="File successfully backed up as E:\PAP\Norb BlackJack\Backup\Norb BlackJack\Resources\D5.png">
</Event><Event ErrorLevel="0" Project="Norb BlackJack" Source="Norb BlackJack\Resources\D6.png" Description="File successfully backed up as E:\PAP\Norb BlackJack\Backup\Norb BlackJack\Resources\D6.png">
</Event><Event ErrorLevel="0" Project="Norb BlackJack" Source="Norb BlackJack\Resources\D7.png" Description="File successfully backed up as E:\PAP\Norb BlackJack\Backup\Norb BlackJack\Resources\D7.png">
</Event><Event ErrorLevel="0" Project="Norb BlackJack" Source="Norb BlackJack\Resources\D8.png" Description="File successfully backed up as E:\PAP\Norb BlackJack\Backup\Norb BlackJack\Resources\D8.png">
</Event><Event ErrorLevel="0" Project="Norb BlackJack" Source="Norb BlackJack\Resources\D9.png" Description="File successfully backed up as E:\PAP\Norb BlackJack\Backup\Norb BlackJack\Resources\D9.png">
</Event><Event ErrorLevel="0" Project="Norb BlackJack" Source="Norb BlackJack\Resources\D10.png" Description="File successfully backed up as E:\PAP\Norb BlackJack\Backup\Norb BlackJack\Resources\D10.png">
</Event><Event ErrorLevel="0" Project="Norb BlackJack" Source="Norb BlackJack\Resources\D11.png" Description="File successfully backed up as E:\PAP\Norb BlackJack\Backup\Norb BlackJack\Resources\D11.png">
</Event><Event ErrorLevel="0" Project="Norb BlackJack" Source="Norb BlackJack\Resources\D12.png" Description="File successfully backed up as E:\PAP\Norb BlackJack\Backup\Norb BlackJack\Resources\D12.png">
</Event><Event ErrorLevel="0" Project="Norb BlackJack" Source="Norb BlackJack\Resources\D13.png" Description="File successfully backed up as E:\PAP\Norb BlackJack\Backup\Norb BlackJack\Resources\D13.png">
</Event><Event ErrorLevel="0" Project="Norb BlackJack" Source="Norb BlackJack\Resources\H1.png" Description="File successfully backed up as E:\PAP\Norb BlackJack\Backup\Norb BlackJack\Resources\H1.png">
</Event><Event ErrorLevel="0" Project="Norb BlackJack" Source="Norb BlackJack\Resources\H2.png" Description="File successfully backed up as E:\PAP\Norb BlackJack\Backup\Norb BlackJack\Resources\H2.png">
</Event><Event ErrorLevel="0" Project="Norb BlackJack" Source="Norb BlackJack\Resources\H3.png" Description="File successfully backed up as E:\PAP\Norb BlackJack\Backup\Norb BlackJack\Resources\H3.png">
</Event><Event ErrorLevel="0" Project="Norb BlackJack" Source="Norb BlackJack\Resources\H4.png" Description="File successfully backed up as E:\PAP\Norb BlackJack\Backup\Norb BlackJack\Resources\H4.png">
</Event><Event ErrorLevel="0" Project="Norb BlackJack" Source="Norb BlackJack\Resources\H5.png" Description="File successfully backed up as E:\PAP\Norb BlackJack\Backup\Norb BlackJack\Resources\H5.png">
</Event><Event ErrorLevel="0" Project="Norb BlackJack" Source="Norb BlackJack\Resources\H6.png" Description="File successfully backed up as E:\PAP\Norb BlackJack\Backup\Norb BlackJack\Resources\H6.png">
</Event><Event ErrorLevel="0" Project="Norb BlackJack" Source="Norb BlackJack\Resources\H7.png" Description="File successfully backed up as E:\PAP\Norb BlackJack\Backup\Norb BlackJack\Resources\H7.png">
</Event><Event ErrorLevel="0" Project="Norb BlackJack" Source="Norb BlackJack\Resources\H8.png" Description="File successfully backed up as E:\PAP\Norb BlackJack\Backup\Norb BlackJack\Resources\H8.png">
</Event><Event ErrorLevel="0" Project="Norb BlackJack" Source="Norb BlackJack\Resources\H9.png" Description="File successfully backed up as E:\PAP\Norb BlackJack\Backup\Norb BlackJack\Resources\H9.png">
</Event><Event ErrorLevel="0" Project="Norb BlackJack" Source="Norb BlackJack\Resources\H10.png" Description="File successfully backed up as E:\PAP\Norb BlackJack\Backup\Norb BlackJack\Resources\H10.png">
</Event><Event ErrorLevel="0" Project="Norb BlackJack" Source="Norb BlackJack\Resources\H11.png" Description="File successfully backed up as E:\PAP\Norb BlackJack\Backup\Norb BlackJack\Resources\H11.png">
</Event><Event ErrorLevel="0" Project="Norb BlackJack" Source="Norb BlackJack\Resources\H12.png" Description="File successfully backed up as E:\PAP\Norb BlackJack\Backup\Norb BlackJack\Resources\H12.png">
</Event><Event ErrorLevel="0" Project="Norb BlackJack" Source="Norb BlackJack\Resources\H13.png" Description="File successfully backed up as E:\PAP\Norb BlackJack\Backup\Norb BlackJack\Resources\H13.png">
</Event><Event ErrorLevel="0" Project="Norb BlackJack" Source="Norb BlackJack\Resources\S1.png" Description="File successfully backed up as E:\PAP\Norb BlackJack\Backup\Norb BlackJack\Resources\S1.png">
</Event><Event ErrorLevel="0" Project="Norb BlackJack" Source="Norb BlackJack\Resources\S2.png" Description="File successfully backed up as E:\PAP\Norb BlackJack\Backup\Norb BlackJack\Resources\S2.png">
</Event><Event ErrorLevel="0" Project="Norb BlackJack" Source="Norb BlackJack\Resources\S3.png" Description="File successfully backed up as E:\PAP\Norb BlackJack\Backup\Norb BlackJack\Resources\S3.png">
</Event><Event ErrorLevel="0" Project="Norb BlackJack" Source="Norb BlackJack\Resources\S4.png" Description="File successfully backed up as E:\PAP\Norb BlackJack\Backup\Norb BlackJack\Resources\S4.png">
</Event><Event ErrorLevel="0" Project="Norb BlackJack" Source="Norb BlackJack\Resources\S5.png" Description="File successfully backed up as E:\PAP\Norb BlackJack\Backup\Norb BlackJack\Resources\S5.png">
</Event><Event ErrorLevel="0" Project="Norb BlackJack" Source="Norb BlackJack\Resources\S6.png" Description="File successfully backed up as E:\PAP\Norb BlackJack\Backup\Norb BlackJack\Resources\S6.png">
</Event><Event ErrorLevel="0" Project="Norb BlackJack" Source="Norb BlackJack\Resources\S7.png" Description="File successfully backed up as E:\PAP\Norb BlackJack\Backup\Norb BlackJack\Resources\S7.png">
</Event><Event ErrorLevel="0" Project="Norb BlackJack" Source="Norb BlackJack\Resources\S8.png" Description="File successfully backed up as E:\PAP\Norb BlackJack\Backup\Norb BlackJack\Resources\S8.png">
</Event><Event ErrorLevel="0" Project="Norb BlackJack" Source="Norb BlackJack\Resources\S9.png" Description="File successfully backed up as E:\PAP\Norb BlackJack\Backup\Norb BlackJack\Resources\S9.png">
</Event><Event ErrorLevel="0" Project="Norb BlackJack" Source="Norb BlackJack\Resources\S10.png" Description="File successfully backed up as E:\PAP\Norb BlackJack\Backup\Norb BlackJack\Resources\S10.png">
</Event><Event ErrorLevel="0" Project="Norb BlackJack" Source="Norb BlackJack\Resources\S11.png" Description="File successfully backed up as E:\PAP\Norb BlackJack\Backup\Norb BlackJack\Resources\S11.png">
</Event><Event ErrorLevel="0" Project="Norb BlackJack" Source="Norb BlackJack\Resources\S12.png" Description="File successfully backed up as E:\PAP\Norb BlackJack\Backup\Norb BlackJack\Resources\S12.png">
</Event><Event ErrorLevel="0" Project="Norb BlackJack" Source="Norb BlackJack\Resources\S13.png" Description="File successfully backed up as E:\PAP\Norb BlackJack\Backup\Norb BlackJack\Resources\S13.png">
</Event><Event ErrorLevel="0" Project="Norb BlackJack" Source="Norb BlackJack\Resources\H111.png" Description="File successfully backed up as E:\PAP\Norb BlackJack\Backup\Norb BlackJack\Resources\H111.png">
</Event><Event ErrorLevel="0" Project="Norb BlackJack" Source="Norb BlackJack\My Project\app.manifest" Description="File successfully backed up as E:\PAP\Norb BlackJack\Backup\Norb BlackJack\My Project\app.manifest">
</Event><Event ErrorLevel="0" Project="Norb BlackJack" Source="Norb BlackJack\Resources\back1.png" Description="File successfully backed up as E:\PAP\Norb BlackJack\Backup\Norb BlackJack\Resources\back1.png">
</Event><Event ErrorLevel="0" Project="Norb BlackJack" Source="Norb BlackJack\NBJIcon.ico" Description="File successfully backed up as E:\PAP\Norb BlackJack\Backup\Norb BlackJack\NBJIcon.ico">
</Event><Event ErrorLevel="0" Project="Norb BlackJack" Source="Norb BlackJack\deal_class.resx" Description="File successfully backed up as E:\PAP\Norb BlackJack\Backup\Norb BlackJack\deal_class.resx">
</Event><Event ErrorLevel="0" Project="Norb BlackJack" Source="Norb BlackJack\Form1.resx" Description="File successfully backed up as E:\PAP\Norb BlackJack\Backup\Norb BlackJack\Form1.resx">
</Event><Event ErrorLevel="0" Project="Norb BlackJack" Source="Norb BlackJack\HighScores.resx" Description="File successfully backed up as E:\PAP\Norb BlackJack\Backup\Norb BlackJack\HighScores.resx">
</Event><Event ErrorLevel="0" Project="Norb BlackJack" Source="Norb BlackJack\My Project\Resources.resx" Description="File successfully backed up as E:\PAP\Norb BlackJack\Backup\Norb BlackJack\My Project\Resources.resx">
</Event><Event ErrorLevel="0" Project="Norb BlackJack" Source="Norb BlackJack\Rules.resx" Description="File successfully backed up as E:\PAP\Norb BlackJack\Backup\Norb BlackJack\Rules.resx">
</Event><Event ErrorLevel="0" Project="Norb BlackJack" Source="Norb BlackJack\Submit HighScore.resx" Description="File successfully backed up as E:\PAP\Norb BlackJack\Backup\Norb BlackJack\Submit HighScore.resx">
</Event><Event ErrorLevel="0" Project="Norb BlackJack" Source="Norb BlackJack\Norb BlackJack.vbproj" Description="Project converted successfully">
</Event><Event ErrorLevel="3" Project="Norb BlackJack" Source="Norb BlackJack\Norb BlackJack.vbproj" Description="Converted">
</Event><Event ErrorLevel="0" Project="" Source="Norb BlackJack.sln" Description="Solution converted successfully">
</Event><Event ErrorLevel="3" Project="" Source="Norb BlackJack.sln" Description="Converted">
</Event><Event ErrorLevel="0" Project="Norb BlackJack" Source="Norb BlackJack\Norb BlackJack.vbproj" Description="Scan complete: Upgrade not required for project files.">
</Event></UpgradeLog>